region,total_sales,avg_profit,unique_customers
North,419583,163.76179687500007,229
East,416692,159.3971428571428,228
West,377411,154.04038461538468,230
South,385378,160.14910081743866,233
