region,total_sales,avg_profit,unique_customers
East,416692,159.39714285714285,228
North,419583,163.761796875,229
South,385378,160.1491008174387,233
West,377411,154.0403846153846,230
